timezone,temp,humidity,description
2025-02-19 06:05:28,0.76,29,clear sky
2025-02-19 06:10:03,-0.13,18,clear sky
2025-02-19 06:10:49,-0.13,18,clear sky
2025-02-19 06:42:37,1.76,25,clear sky
2025-02-19 06:50:34,1.76,25,clear sky
2025-02-19 06:58:47,1.76,25,clear sky
2025-02-19 07:27:34,-0.42,18,clear sky
2025-02-19 07:38:43,0.76,25,clear sky
2025-02-19 07:46:41,0.76,25,clear sky
2025-02-19 07:54:23,0.76,25,clear sky
2025-02-19 08:39:15,0.76,29,clear sky
2025-02-19 08:51:09,0.76,29,clear sky
2025-02-19 08:58:54,0.76,29,clear sky
2025-02-19 09:31:18,-1.24,29,clear sky
2025-02-19 09:41:22,-1.24,29,clear sky
2025-02-19 09:49:07,-1.24,29,clear sky
2025-02-19 09:56:53,-1.24,29,clear sky
2025-02-19 10:38:23,-3.24,39,clear sky
2025-02-19 10:46:08,-3.24,39,clear sky
2025-02-19 10:54:03,-3.24,39,clear sky
2025-02-19 11:23:04,-3.24,43,clear sky
2025-02-19 11:36:04,-3.24,43,clear sky
2025-02-19 11:44:17,-3.24,43,clear sky
2025-02-19 11:52:25,-3.24,43,clear sky
2025-02-19 12:00:22,-3.24,43,clear sky
2025-02-19 13:03:09,-4.24,50,clear sky
2025-02-19 13:35:45,-5.24,50,clear sky
2025-02-19 13:43:53,-5.24,50,clear sky
2025-02-19 13:52:13,-5.24,50,clear sky
2025-02-19 14:00:07,-5.24,50,clear sky
2025-02-19 14:36:58,-5.24,54,clear sky
2025-02-19 14:45:21,-5.24,54,clear sky
2025-02-19 14:53:15,-5.24,54,clear sky
2025-02-19 15:31:33,-6.24,58,clear sky
2025-02-19 15:41:37,-6.24,58,clear sky
2025-02-19 15:49:47,-6.24,58,clear sky
2025-02-19 15:57:54,-6.24,58,clear sky
2025-02-19 16:41:36,-6.24,58,clear sky
2025-02-19 16:52:26,-6.24,58,clear sky
2025-02-19 17:00:23,-6.24,58,clear sky
2025-02-19 17:31:55,-8.24,62,clear sky
2025-02-19 17:41:13,-8.24,62,clear sky
2025-02-19 17:49:20,-8.24,62,clear sky
2025-02-19 17:57:12,-8.24,62,clear sky
2025-02-19 18:42:03,-8.24,67,clear sky
2025-02-19 18:50:30,-8.24,67,clear sky
2025-02-19 18:58:21,-8.24,67,clear sky
2025-02-19 19:20:08,-9.24,73,clear sky
2025-02-19 19:27:59,-9.24,73,clear sky
2025-02-19 19:38:17,-9.24,73,clear sky
2025-02-19 19:46:32,-9.24,73,clear sky
2025-02-19 19:54:29,-9.24,73,clear sky
2025-02-19 20:31:10,-10.24,85,clear sky
2025-02-19 20:41:30,-10.24,85,clear sky
2025-02-19 20:49:24,-10.24,85,clear sky
2025-02-19 20:57:12,-10.24,85,clear sky
2025-02-19 21:25:50,-10.24,85,clear sky
2025-02-19 21:36:49,-10.24,85,clear sky
2025-02-19 21:44:45,-10.24,85,clear sky
2025-02-19 21:52:53,-10.24,85,clear sky
2025-02-19 22:29:55,-8.24,73,clear sky
2025-02-19 22:40:46,-8.24,73,clear sky
2025-02-19 22:48:40,-8.24,73,clear sky
2025-02-19 22:56:27,-8.24,73,clear sky
2025-02-19 23:26:39,-7.24,73,clear sky
2025-02-19 23:38:45,-7.24,73,clear sky
2025-02-19 23:46:54,-7.24,73,clear sky
2025-02-19 23:54:52,-7.24,73,clear sky
2025-02-20 02:43:36,-0.24,32,clear sky
2025-02-20 03:36:57,0.76,29,clear sky
2025-02-20 03:46:57,0.76,29,clear sky
2025-02-20 03:55:14,0.76,29,clear sky
2025-02-20 04:36:07,0.76,29,clear sky
2025-02-20 04:45:18,0.76,29,clear sky
2025-02-20 04:53:27,0.76,29,clear sky
2025-02-20 05:32:24,1.76,27,clear sky
2025-02-20 05:41:52,1.76,27,clear sky
2025-02-20 05:50:01,1.76,27,clear sky
2025-02-20 05:57:58,1.76,27,clear sky
2025-02-20 06:42:45,1.76,27,clear sky
2025-02-20 06:50:47,1.76,27,clear sky
2025-02-20 06:58:55,1.76,27,clear sky
2025-02-20 07:26:24,1.76,27,clear sky
2025-02-20 07:37:14,1.76,27,clear sky
2025-02-20 07:45:13,1.76,27,clear sky
2025-02-20 07:53:07,1.76,27,clear sky
2025-02-20 08:39:06,0.76,23,clear sky
2025-02-20 08:50:23,0.76,23,clear sky
2025-02-20 08:58:10,0.76,23,clear sky
2025-02-20 09:30:58,-1.24,29,clear sky
2025-02-20 09:41:58,-1.24,29,clear sky
2025-02-20 09:49:48,-1.24,29,clear sky
2025-02-20 09:57:32,-1.24,29,clear sky
2025-02-20 10:38:43,-2.24,34,clear sky
2025-02-20 10:46:43,-2.24,34,clear sky
2025-02-20 10:54:39,-2.24,34,clear sky
2025-02-20 11:23:28,-3.24,36,clear sky
2025-02-20 11:36:41,-3.24,36,clear sky
2025-02-20 11:44:57,-3.24,36,clear sky
2025-02-20 11:52:47,-3.24,36,clear sky
2025-02-20 13:03:43,-4.24,39,clear sky
2025-02-20 13:37:08,-5.24,50,clear sky
2025-02-20 13:45:09,-5.24,50,clear sky
2025-02-20 13:53:34,-5.24,50,clear sky
2025-02-20 14:35:35,-5.24,54,clear sky
2025-02-20 14:45:01,-5.24,54,clear sky
2025-02-20 14:52:58,-5.24,54,clear sky
2025-02-20 15:32:47,-6.24,58,clear sky
2025-02-20 15:44:13,-6.24,58,clear sky
2025-02-20 15:52:21,-6.24,58,clear sky
2025-02-20 16:00:05,-6.24,58,clear sky
2025-02-20 16:45:40,-7.24,63,clear sky
2025-02-20 16:55:08,-7.24,63,clear sky
2025-02-20 17:28:51,-6.24,63,clear sky
2025-02-20 17:40:37,-6.24,63,clear sky
2025-02-20 17:48:37,-6.24,63,clear sky
2025-02-20 17:56:31,-6.24,63,clear sky
2025-02-20 18:42:19,-7.24,63,clear sky
2025-02-20 18:50:56,-7.24,63,clear sky
2025-02-20 18:58:47,-7.24,63,clear sky
2025-02-20 19:22:16,-9.24,62,clear sky
2025-02-20 19:30:08,-9.24,62,clear sky
2025-02-20 19:39:06,-9.24,62,clear sky
2025-02-20 19:47:08,-9.24,62,clear sky
2025-02-20 19:54:56,-9.24,62,clear sky
2025-02-20 20:31:16,-9.24,73,clear sky
2025-02-20 20:42:37,-9.24,73,clear sky
2025-02-20 20:50:41,-9.24,73,clear sky
2025-02-20 20:58:39,-9.24,73,clear sky
2025-02-20 21:26:48,-10.24,79,clear sky
2025-02-20 21:36:50,-10.24,79,clear sky
2025-02-20 21:44:52,-10.24,79,clear sky
2025-02-20 21:53:07,-10.24,79,clear sky
2025-02-20 22:32:28,-10.24,85,clear sky
2025-02-20 22:42:06,-10.24,85,clear sky
2025-02-20 22:49:54,-10.24,85,clear sky
2025-02-20 22:58:03,-10.24,85,clear sky
2025-02-20 23:29:03,-7.24,73,clear sky
2025-02-20 23:39:40,-7.24,73,clear sky
2025-02-20 23:47:55,-7.24,73,clear sky
2025-02-20 23:55:43,-7.24,73,clear sky
2025-02-21 02:54:28,-0.24,32,clear sky
2025-02-21 03:37:58,0.76,32,clear sky
2025-02-21 03:46:14,0.76,32,clear sky
2025-02-21 03:53:57,0.76,32,clear sky
2025-02-21 04:40:25,0.76,32,clear sky
2025-02-21 04:50:23,0.76,32,clear sky
2025-02-21 04:58:10,0.76,32,clear sky
2025-02-21 05:32:28,0.76,32,clear sky
2025-02-21 05:41:41,0.76,32,clear sky
2025-02-21 05:49:47,0.76,32,clear sky
2025-02-21 05:57:55,0.76,32,clear sky
2025-02-21 06:42:29,0.76,37,clear sky
2025-02-21 06:50:45,0.76,37,clear sky
2025-02-21 06:58:43,0.76,37,clear sky
2025-02-21 07:26:42,0.76,40,clear sky
2025-02-21 07:36:41,0.76,40,clear sky
2025-02-21 07:44:39,0.76,40,clear sky
2025-02-21 07:52:50,0.76,40,clear sky
2025-02-21 08:37:38,1.76,30,clear sky
2025-02-21 08:48:38,1.76,30,clear sky
2025-02-21 08:56:48,1.76,30,clear sky
2025-02-21 09:30:21,-0.24,27,clear sky
2025-02-21 09:40:48,-0.24,27,clear sky
2025-02-21 09:49:02,-0.24,27,clear sky
2025-02-21 09:57:06,-0.24,27,clear sky
2025-02-21 10:37:50,-2.24,37,clear sky
2025-02-21 10:45:52,-2.24,37,clear sky
2025-02-21 10:53:46,-2.24,37,clear sky
2025-02-21 11:25:09,-2.24,40,clear sky
2025-02-21 11:36:15,-2.24,40,clear sky
2025-02-21 11:44:30,-2.24,40,clear sky
2025-02-21 11:52:40,-2.24,40,clear sky
2025-02-21 13:02:44,-3.24,46,clear sky
2025-02-21 13:31:51,-4.24,50,clear sky
2025-02-21 13:39:54,-4.24,50,clear sky
2025-02-21 13:48:06,-4.24,50,clear sky
2025-02-21 13:55:54,-4.24,50,clear sky
2025-02-21 14:31:56,-4.24,50,clear sky
2025-02-21 14:42:38,-4.24,50,clear sky
2025-02-21 14:50:48,-4.24,50,clear sky
2025-02-21 14:58:40,-4.24,50,clear sky
2025-02-21 15:31:18,-4.24,54,clear sky
2025-02-21 15:41:49,-4.24,54,clear sky
2025-02-21 15:49:40,-4.24,54,clear sky
2025-02-21 15:57:43,-4.24,54,clear sky
2025-02-21 16:39:42,-5.24,58,clear sky
2025-02-21 16:47:49,-5.24,58,clear sky
2025-02-21 16:56:05,-5.24,58,clear sky
2025-02-21 17:27:34,-5.24,63,clear sky
2025-02-21 17:37:59,-5.24,63,clear sky
2025-02-21 17:45:46,-5.24,63,clear sky
2025-02-21 17:53:39,-5.24,63,clear sky
2025-02-21 18:40:11,-6.24,73,clear sky
2025-02-21 18:49:37,-6.24,73,clear sky
2025-02-21 18:57:30,-6.24,73,clear sky
2025-02-21 19:21:02,-4,38,clear sky
2025-02-21 19:28:58,-7.24,73,clear sky
2025-02-21 19:38:44,-7.24,73,clear sky
2025-02-21 19:46:46,-7.24,73,clear sky
2025-02-21 19:54:51,-7.24,73,clear sky
2025-02-21 20:29:40,-8.24,86,clear sky
2025-02-21 20:41:35,-8.24,86,clear sky
2025-02-21 20:49:51,-8.24,86,clear sky
2025-02-21 20:57:47,-8.24,86,clear sky
2025-02-21 21:24:02,-7.24,73,clear sky
2025-02-21 21:35:37,-7.24,73,clear sky
2025-02-21 21:43:42,-7.24,73,clear sky
2025-02-21 21:51:28,-7.24,73,clear sky
2025-02-21 21:59:27,-7.24,73,clear sky
2025-02-21 22:33:10,-7.24,79,clear sky
2025-02-21 22:41:41,-7.24,79,clear sky
2025-02-21 22:49:49,-7.24,79,clear sky
2025-02-21 22:57:37,-7.24,79,clear sky
2025-02-21 23:27:37,-4.52,41,clear sky
2025-02-21 23:38:18,-6.24,73,clear sky
2025-02-21 23:46:08,-6.24,73,clear sky
2025-02-21 23:53:51,-6.24,73,clear sky
2025-02-22 02:38:16,-0.24,34,clear sky
2025-02-22 03:30:39,0.76,34,clear sky
2025-02-22 03:41:41,0.76,34,clear sky
2025-02-22 03:49:47,0.76,34,clear sky
2025-02-22 03:57:51,0.76,34,clear sky
2025-02-22 04:38:46,1.76,32,clear sky
2025-02-22 04:47:08,1.76,32,clear sky
2025-02-22 04:55:20,1.76,32,clear sky
2025-02-22 05:30:37,0.76,34,clear sky
2025-02-22 05:39:57,0.76,34,clear sky
2025-02-22 05:48:11,0.76,34,clear sky
2025-02-22 05:56:16,0.76,34,clear sky
2025-02-22 06:42:39,0.76,37,clear sky
2025-02-22 06:50:57,0.76,37,clear sky
2025-02-22 06:58:46,0.76,37,clear sky
2025-02-22 07:23:35,0.76,37,clear sky
2025-02-22 07:35:23,0.76,37,clear sky
2025-02-22 07:43:07,0.76,37,clear sky
2025-02-22 07:51:03,0.76,37,clear sky
2025-02-22 07:58:53,0.76,37,clear sky
2025-02-22 08:33:06,0.76,37,clear sky
2025-02-22 08:44:31,0.76,37,clear sky
2025-02-22 08:52:13,0.76,37,clear sky
2025-02-22 09:00:04,0.76,37,clear sky
2025-02-22 09:27:52,-1.24,47,clear sky
2025-02-22 09:36:46,-1.24,47,clear sky
2025-02-22 09:44:26,-1.24,47,clear sky
2025-02-22 09:52:20,-1.24,47,clear sky
2025-02-22 10:00:03,-1.24,47,clear sky
2025-02-22 10:38:28,-1.24,51,clear sky
2025-02-22 10:46:27,-1.24,51,clear sky
2025-02-22 10:54:21,-1.24,51,clear sky
2025-02-22 11:19:15,-2.26,34,clear sky
2025-02-22 11:27:03,-2.26,34,clear sky
2025-02-22 11:37:12,-2.24,37,clear sky
2025-02-22 11:44:58,-2.24,37,clear sky
2025-02-22 11:52:49,-2.24,37,clear sky
2025-02-22 12:56:59,-4.24,42,clear sky
2025-02-22 13:28:04,-5.24,46,clear sky
2025-02-22 13:36:53,-5.24,46,clear sky
2025-02-22 13:44:48,-5.24,46,clear sky
2025-02-22 13:53:00,-5.24,46,clear sky
2025-02-22 14:28:37,-5.24,50,clear sky
2025-02-22 14:38:40,-5.24,50,clear sky
2025-02-22 14:46:34,-5.24,50,clear sky
2025-02-22 14:54:35,-5.24,50,clear sky
2025-02-22 15:26:28,-6.24,53,clear sky
2025-02-22 15:35:49,-6.24,53,clear sky
2025-02-22 15:43:46,-6.24,53,clear sky
2025-02-22 15:51:49,-6.24,53,clear sky
2025-02-22 15:59:55,-6.24,53,clear sky
2025-02-22 16:36:48,-6.24,58,clear sky
2025-02-22 16:44:35,-6.24,58,clear sky
2025-02-22 16:52:59,-6.24,58,clear sky
2025-02-22 17:29:34,-8.24,62,clear sky
2025-02-22 17:39:20,-8.24,62,clear sky
2025-02-22 17:47:31,-8.24,62,clear sky
2025-02-22 17:55:25,-8.24,62,clear sky
2025-02-22 18:37:33,-7.24,58,clear sky
2025-02-22 18:46:10,-7.24,58,clear sky
2025-02-22 18:54:03,-7.24,58,clear sky
2025-02-22 19:19:01,-9.24,67,clear sky
2025-02-22 19:27:09,-4.19,39,clear sky
2025-02-22 19:36:32,-9.24,67,clear sky
2025-02-22 19:44:18,-9.24,67,clear sky
2025-02-22 19:52:40,-9.24,67,clear sky
2025-02-22 20:27:02,-8.24,67,clear sky
2025-02-22 20:36:43,-8.24,67,clear sky
2025-02-22 20:44:28,-8.24,67,clear sky
2025-02-22 20:52:40,-8.24,67,clear sky
2025-02-22 21:24:20,-4.75,35,clear sky
2025-02-22 21:35:27,-8.24,67,clear sky
2025-02-22 21:43:20,-8.24,67,clear sky
2025-02-22 21:51:37,-8.24,67,clear sky
2025-02-22 21:59:23,-8.24,67,clear sky
2025-02-22 22:30:56,-7.24,63,clear sky
2025-02-22 22:39:56,-7.24,63,clear sky
2025-02-22 22:47:43,-7.24,63,clear sky
2025-02-22 22:55:40,-7.24,63,clear sky
2025-02-22 23:24:11,-5.24,58,clear sky
2025-02-22 23:36:17,-5.24,58,clear sky
2025-02-22 23:44:16,-5.24,58,clear sky
2025-02-22 23:52:52,-5.24,58,clear sky
2025-02-23 02:57:56,-1.24,37,clear sky
2025-02-23 03:38:35,-2.24,34,few clouds
2025-02-23 03:46:52,-2.24,34,few clouds
2025-02-23 03:54:39,-2.24,34,few clouds
2025-02-23 04:38:43,-0.24,32,few clouds
2025-02-23 04:47:06,-0.24,32,few clouds
2025-02-23 04:54:50,-0.24,32,few clouds
2025-02-23 05:30:59,-0.24,27,clear sky
2025-02-23 05:40:43,-0.24,27,clear sky
2025-02-23 05:48:48,-0.24,27,clear sky
2025-02-23 05:56:48,-0.24,27,clear sky
2025-02-23 06:38:47,-0.24,29,clear sky
2025-02-23 06:47:04,-0.24,29,clear sky
2025-02-23 06:55:02,-0.24,29,clear sky
2025-02-23 07:25:06,-0.24,34,clear sky
2025-02-23 07:36:05,-0.24,34,clear sky
2025-02-23 07:43:51,-0.24,34,clear sky
2025-02-23 07:52:07,-0.24,34,clear sky
2025-02-23 07:59:56,-0.24,34,clear sky
2025-02-23 08:34:59,-0.24,29,clear sky
2025-02-23 08:45:41,-0.24,29,clear sky
2025-02-23 08:53:41,-0.24,29,clear sky
2025-02-23 09:28:37,-2.24,34,clear sky
2025-02-23 09:41:16,-2.24,34,clear sky
2025-02-23 09:49:02,-2.24,34,clear sky
2025-02-23 09:57:01,-2.24,34,clear sky
2025-02-23 10:34:20,-3.24,36,clear sky
2025-02-23 10:42:21,-3.24,36,clear sky
2025-02-23 10:50:33,-3.24,36,clear sky
2025-02-23 10:58:25,-3.24,36,clear sky
2025-02-23 11:22:25,-4.24,42,clear sky
2025-02-23 11:30:10,-4.24,42,clear sky
2025-02-23 11:40:28,-4.24,42,clear sky
2025-02-23 11:48:31,-4.24,42,clear sky
2025-02-23 11:56:39,-4.24,42,clear sky
2025-02-23 12:59:10,-5.24,50,clear sky
2025-02-23 13:29:01,-5.24,50,clear sky
2025-02-23 13:38:48,-5.24,50,clear sky
2025-02-23 13:46:38,-5.24,50,clear sky
2025-02-23 13:54:29,-5.24,50,clear sky
2025-02-23 14:29:55,-3.76,39,clear sky
2025-02-23 14:41:34,-6.24,53,clear sky
2025-02-23 14:49:36,-6.24,53,clear sky
2025-02-23 14:57:24,-6.24,53,clear sky
2025-02-23 15:26:55,-6.24,53,clear sky
2025-02-23 15:39:58,-6.24,53,clear sky
2025-02-23 15:48:04,-6.24,53,clear sky
2025-02-23 15:56:08,-6.24,53,clear sky
2025-02-23 16:35:15,-6.24,58,clear sky
2025-02-23 16:43:38,-6.24,58,clear sky
2025-02-23 16:51:47,-6.24,58,clear sky
2025-02-23 16:59:36,-6.24,58,clear sky
2025-02-23 17:28:35,-8.24,62,clear sky
2025-02-23 17:40:46,-8.24,62,clear sky
2025-02-23 17:48:59,-8.24,62,clear sky
2025-02-23 17:56:42,-8.24,62,clear sky
2025-02-23 18:37:39,-8.24,67,clear sky
2025-02-23 18:45:36,-8.24,67,clear sky
2025-02-23 18:53:46,-8.24,67,clear sky
2025-02-23 19:18:29,-8.24,67,clear sky
2025-02-23 19:26:48,-10.24,79,clear sky
2025-02-23 19:37:43,-10.24,79,clear sky
2025-02-23 19:45:34,-10.24,79,clear sky
2025-02-23 19:53:24,-10.24,79,clear sky
2025-02-23 20:27:54,-10.24,73,clear sky
2025-02-23 20:40:44,-10.24,73,clear sky
2025-02-23 20:48:54,-10.24,73,clear sky
2025-02-23 20:57:06,-10.24,73,clear sky
2025-02-23 21:25:27,-9.24,73,clear sky
2025-02-23 21:35:18,-9.24,73,clear sky
2025-02-23 21:43:22,-9.24,73,clear sky
2025-02-23 21:51:34,-9.24,73,clear sky
2025-02-23 21:59:32,-9.24,73,clear sky
2025-02-23 22:31:46,-10.24,79,clear sky
2025-02-23 22:40:21,-10.24,79,clear sky
2025-02-23 22:48:32,-10.24,79,clear sky
2025-02-23 22:56:30,-10.24,79,clear sky
2025-02-23 23:25:23,-4.24,43,clear sky
2025-02-23 23:36:47,-7.24,68,clear sky
2025-02-23 23:44:56,-7.24,68,clear sky
2025-02-23 23:53:02,-7.24,68,clear sky
2025-02-24 02:58:49,0.76,32,clear sky
2025-02-24 03:42:05,1.76,30,clear sky
2025-02-24 03:51:27,1.76,30,clear sky
2025-02-24 03:59:12,1.76,30,clear sky
2025-02-24 04:37:52,2.76,30,clear sky
2025-02-24 04:45:54,2.76,30,clear sky
2025-02-24 04:53:52,2.76,30,clear sky
2025-02-24 05:32:23,3.76,33,clear sky
2025-02-24 05:42:12,3.76,33,clear sky
2025-02-24 05:50:13,3.76,33,clear sky
2025-02-24 05:58:11,3.76,33,clear sky
2025-02-24 06:45:34,3.76,33,clear sky
2025-02-24 06:53:29,3.76,33,clear sky
2025-02-24 07:26:18,2.2,24,clear sky
2025-02-24 07:36:41,3.76,30,clear sky
2025-02-24 07:44:50,3.76,30,clear sky
2025-02-24 07:53:01,3.76,30,clear sky
2025-02-24 08:40:19,3.76,30,clear sky
2025-02-24 08:51:26,3.76,30,clear sky
2025-02-24 08:59:30,3.76,30,clear sky
2025-02-24 09:32:29,1.76,35,clear sky
2025-02-24 09:42:32,1.76,35,clear sky
2025-02-24 09:50:18,1.76,35,clear sky
2025-02-24 09:58:29,1.76,35,clear sky
2025-02-24 10:39:46,0.76,40,clear sky
2025-02-24 10:47:37,0.76,40,clear sky
2025-02-24 10:55:57,0.76,40,clear sky
2025-02-24 11:23:49,0.76,60,clear sky
2025-02-24 11:36:32,0.76,60,clear sky
2025-02-24 11:44:14,0.76,60,clear sky
2025-02-24 11:52:16,0.76,60,clear sky
2025-02-24 12:00:01,0.76,60,clear sky
2025-02-24 13:14:49,-0.09,41,clear sky
2025-02-24 13:41:35,-0.24,69,clear sky
2025-02-24 13:49:42,-0.24,69,clear sky
2025-02-24 13:57:37,-0.24,69,clear sky
2025-02-24 14:37:45,-2.24,86,clear sky
2025-02-24 14:45:43,-2.24,86,clear sky
2025-02-24 14:54:01,-2.24,86,clear sky
2025-02-24 15:33:28,-5.24,93,clear sky
2025-02-24 15:44:59,-5.24,93,clear sky
2025-02-24 15:53:05,-5.24,93,clear sky
2025-02-24 16:43:54,-6.24,100,clear sky
2025-02-24 16:54:29,-6.24,100,clear sky
2025-02-24 17:29:03,-5.24,100,clear sky
2025-02-24 17:40:16,-5.24,100,clear sky
2025-02-24 17:48:43,-5.24,100,clear sky
2025-02-24 17:56:29,-5.24,100,clear sky
2025-02-24 18:43:35,-7.24,93,clear sky
2025-02-24 18:51:47,-7.24,93,clear sky
2025-02-24 18:59:38,-7.24,93,clear sky
2025-02-24 19:22:53,-6.24,93,clear sky
2025-02-24 19:30:58,-6.24,93,clear sky
2025-02-24 19:39:26,-6.24,93,clear sky
2025-02-24 19:47:30,-6.24,93,clear sky
2025-02-24 19:55:23,-6.24,93,clear sky
2025-02-24 20:31:34,-7.24,100,clear sky
2025-02-24 20:42:38,-7.24,100,clear sky
2025-02-24 20:50:54,-7.24,100,clear sky
2025-02-24 20:58:52,-7.24,100,clear sky
2025-02-24 21:26:56,-0.58,69,broken clouds
2025-02-24 21:38:47,-7.24,100,clear sky
2025-02-24 21:46:47,-7.24,100,clear sky
2025-02-24 21:54:45,-7.24,100,clear sky
2025-02-24 22:33:03,-6.24,100,clear sky
2025-02-24 22:42:30,-6.24,100,clear sky
2025-02-24 22:50:33,-6.24,100,clear sky
2025-02-24 22:58:15,-6.24,100,clear sky
2025-02-24 23:27:44,-0.53,66,scattered clouds
2025-02-24 23:38:39,-3.24,93,clear sky
2025-02-24 23:47:03,-3.24,93,clear sky
2025-02-24 23:54:31,-3.24,93,clear sky
2025-02-25 02:57:39,3.76,60,broken clouds
2025-02-25 03:41:10,5.76,52,broken clouds
2025-02-25 03:49:53,5.76,52,broken clouds
2025-02-25 03:58:09,5.76,52,broken clouds
2025-02-25 04:37:45,4.76,56,broken clouds
2025-02-25 04:46:10,4.76,56,broken clouds
2025-02-25 04:54:03,4.76,56,broken clouds
2025-02-25 05:32:49,4.76,60,broken clouds
2025-02-25 05:42:14,4.76,60,broken clouds
2025-02-25 05:50:24,4.76,60,broken clouds
2025-02-25 05:58:22,4.76,60,broken clouds
2025-02-25 06:44:13,4.76,65,broken clouds
2025-02-25 06:52:12,4.76,65,broken clouds
2025-02-25 07:00:17,4.76,65,broken clouds
2025-02-25 07:28:02,5.76,61,broken clouds
2025-02-25 07:38:08,5.76,61,broken clouds
2025-02-25 07:46:15,5.76,61,broken clouds
2025-02-25 07:54:12,5.76,61,broken clouds
2025-02-25 08:39:11,4.76,65,broken clouds
2025-02-25 08:51:12,4.76,65,broken clouds
2025-02-25 08:59:10,4.76,65,broken clouds
2025-02-25 09:32:04,4.76,70,broken clouds
2025-02-25 09:42:23,4.76,70,broken clouds
2025-02-25 09:50:42,4.76,70,broken clouds
2025-02-25 09:58:41,4.76,70,broken clouds
2025-02-25 10:39:40,3.76,75,broken clouds
2025-02-25 10:47:40,3.76,75,broken clouds
2025-02-25 10:55:49,3.76,75,broken clouds
2025-02-25 11:25:02,3.76,75,broken clouds
2025-02-25 11:36:43,3.76,75,broken clouds
2025-02-25 11:44:50,3.76,75,broken clouds
2025-02-25 11:53:11,3.76,75,broken clouds
2025-02-25 13:04:29,3.76,81,scattered clouds
2025-02-25 13:38:55,1.76,93,scattered clouds
2025-02-25 13:46:51,1.76,93,scattered clouds
2025-02-25 13:55:04,1.76,93,scattered clouds
2025-02-25 14:37:51,1.76,93,scattered clouds
2025-02-25 14:45:53,1.76,93,scattered clouds
2025-02-25 14:53:56,1.76,93,scattered clouds
2025-02-25 15:32:58,2.76,93,scattered clouds
2025-02-25 15:44:42,2.76,93,scattered clouds
2025-02-25 15:52:54,2.76,93,scattered clouds
2025-02-25 16:43:00,2.76,93,mist
2025-02-25 16:53:56,2.76,93,mist
2025-02-25 17:36:14,2.76,100,mist
2025-02-25 17:44:24,2.76,100,mist
2025-02-25 17:52:51,2.76,100,mist
2025-02-25 18:42:26,2.76,100,mist
2025-02-25 18:52:05,2.76,100,mist
2025-02-25 18:59:51,2.76,100,mist
2025-02-25 19:23:24,1.76,100,mist
2025-02-25 19:36:12,1.76,100,mist
2025-02-25 19:44:08,1.76,100,mist
2025-02-25 19:52:10,1.76,100,mist
2025-02-25 20:00:22,1.76,100,mist
2025-02-25 20:32:37,-0.24,100,mist
2025-02-25 20:43:00,-0.24,100,mist
2025-02-25 20:51:03,-0.24,100,mist
2025-02-25 20:58:49,-0.24,100,mist
2025-02-25 21:27:47,-1.24,93,fog
2025-02-25 21:41:08,-1.24,93,fog
2025-02-25 21:49:03,-1.24,93,fog
2025-02-25 21:56:51,-1.24,93,fog
2025-02-25 22:34:36,-4.24,100,fog
2025-02-25 22:42:56,-4.24,100,fog
2025-02-25 22:50:58,-4.24,100,fog
2025-02-25 22:58:59,-4.24,100,fog
2025-02-25 23:27:19,-2.24,93,fog
2025-02-25 23:38:42,-2.24,93,fog
2025-02-25 23:46:55,-2.24,93,fog
2025-02-25 23:55:10,-2.24,93,fog
2025-02-26 02:56:27,4.76,45,haze
2025-02-26 03:43:16,6.76,26,clear sky
2025-02-26 03:51:50,6.76,26,clear sky
2025-02-26 03:59:39,6.76,26,clear sky
2025-02-26 04:42:01,7.76,17,clear sky
2025-02-26 04:51:18,7.76,17,clear sky
2025-02-26 04:58:58,7.76,17,clear sky
2025-02-26 05:33:56,7.76,21,clear sky
2025-02-26 05:42:41,7.76,21,clear sky
2025-02-26 05:50:47,7.76,21,clear sky
2025-02-26 05:58:31,7.76,21,clear sky
2025-02-26 06:44:38,7.76,19,clear sky
2025-02-26 06:52:42,7.76,19,clear sky
2025-02-26 07:26:13,7.76,18,clear sky
2025-02-26 07:38:12,7.76,18,clear sky
2025-02-26 07:46:03,7.76,18,clear sky
2025-02-26 07:53:55,7.76,18,clear sky
2025-02-26 08:39:44,6.76,19,clear sky
2025-02-26 08:51:42,6.76,19,clear sky
2025-02-26 08:59:46,6.76,19,clear sky
2025-02-26 09:32:18,4.76,22,clear sky
2025-02-26 09:42:22,4.76,22,clear sky
2025-02-26 09:50:26,4.76,22,clear sky
2025-02-26 09:58:17,4.76,22,clear sky
2025-02-26 10:39:26,2.76,23,clear sky
2025-02-26 10:47:33,2.76,23,clear sky
2025-02-26 10:55:49,2.76,23,clear sky
2025-02-26 11:25:00,2.78,40,clear sky
2025-02-26 11:36:17,1.76,27,clear sky
2025-02-26 11:44:18,1.76,27,clear sky
2025-02-26 11:52:29,1.76,27,clear sky
2025-02-26 13:04:12,0.76,37,clear sky
2025-02-26 13:38:34,-0.24,40,clear sky
2025-02-26 13:46:48,-0.24,40,clear sky
2025-02-26 13:54:43,-0.24,40,clear sky
2025-02-26 14:36:46,-1.24,51,clear sky
2025-02-26 14:46:07,-1.24,51,clear sky
2025-02-26 14:54:30,-1.24,51,clear sky
2025-02-26 15:35:29,-4.24,68,clear sky
2025-02-26 15:46:07,-4.24,68,clear sky
2025-02-26 15:54:17,-4.24,68,clear sky
2025-02-26 16:43:16,-4.24,74,clear sky
2025-02-26 16:53:56,-4.24,74,clear sky
2025-02-26 17:30:58,-5.24,63,clear sky
2025-02-26 17:41:13,-5.24,63,clear sky
2025-02-26 17:49:14,-5.24,63,clear sky
2025-02-26 17:57:14,-5.24,63,clear sky
2025-02-26 18:43:50,0.05,55,clear sky
2025-02-26 18:51:57,0.05,55,clear sky
2025-02-26 18:59:48,0.05,55,clear sky
2025-02-26 19:22:38,0.15,57,clear sky
2025-02-26 19:30:44,0.15,57,clear sky
2025-02-26 19:39:36,0.15,57,clear sky
2025-02-26 19:47:57,0.07,56,clear sky
2025-02-26 19:55:40,-6.24,73,clear sky
2025-02-26 20:31:34,-6.24,73,clear sky
2025-02-26 20:42:50,-6.24,73,clear sky
2025-02-26 20:50:38,-6.24,73,clear sky
2025-02-26 20:58:51,-6.24,73,clear sky
2025-02-26 21:28:15,-6.24,79,clear sky
2025-02-26 21:39:01,-6.24,79,clear sky
2025-02-26 21:46:53,-6.24,79,clear sky
2025-02-26 21:54:44,-6.24,79,clear sky
2025-02-26 22:33:54,-6.24,86,clear sky
2025-02-26 22:43:13,-6.24,86,clear sky
2025-02-26 22:51:19,-6.24,86,clear sky
2025-02-26 22:59:12,-6.24,86,clear sky
2025-02-26 23:31:14,-4.24,80,clear sky
2025-02-26 23:41:25,-4.24,80,clear sky
2025-02-26 23:49:10,-4.24,80,clear sky
2025-02-26 23:57:14,-4.24,80,clear sky
2025-02-27 02:58:19,8.76,25,clear sky
2025-02-27 03:43:01,9.76,16,clear sky
2025-02-27 03:51:42,9.76,16,clear sky
2025-02-27 03:59:52,9.76,16,clear sky
2025-02-27 04:39:36,11.76,13,clear sky
2025-02-27 04:48:58,11.76,13,clear sky
2025-02-27 04:57:05,11.76,13,clear sky
2025-02-27 05:36:12,12.76,11,clear sky
2025-02-27 05:44:07,12.76,11,clear sky
2025-02-27 05:52:14,12.76,11,clear sky
2025-02-27 05:59:59,12.76,11,clear sky
2025-02-27 06:45:50,12.76,11,few clouds
2025-02-27 06:53:50,12.76,11,few clouds
2025-02-27 07:26:33,12.76,13,clear sky
2025-02-27 07:37:15,12.76,13,clear sky
2025-02-27 07:45:04,12.76,13,clear sky
2025-02-27 07:53:33,12.76,13,clear sky
2025-02-27 08:38:57,11.76,16,clear sky
2025-02-27 08:51:43,11.76,16,clear sky
2025-02-27 08:59:03,11.76,16,clear sky
2025-02-27 09:32:07,10.76,19,clear sky
2025-02-27 09:42:31,10.76,19,clear sky
2025-02-27 09:50:34,10.76,19,clear sky
2025-02-27 09:58:36,10.76,19,clear sky
2025-02-27 10:39:31,6.76,31,clear sky
2025-02-27 10:47:31,6.76,31,clear sky
2025-02-27 10:55:38,6.76,31,clear sky
2025-02-27 11:23:59,7.3,17,broken clouds
2025-02-27 11:36:54,2.76,41,clear sky
2025-02-27 11:44:58,2.76,41,clear sky
2025-02-27 11:59:09,2.76,41,clear sky
2025-02-27 13:04:47,2.76,41,clear sky
2025-02-27 13:39:39,-0.24,51,clear sky
2025-02-27 13:47:28,-0.24,51,clear sky
2025-02-27 13:55:30,-0.24,51,clear sky
2025-02-27 14:37:11,-0.24,59,clear sky
2025-02-27 14:45:56,-0.24,59,clear sky
2025-02-27 14:54:03,-0.24,59,clear sky
2025-02-27 15:33:15,0.76,60,broken clouds
2025-02-27 15:42:21,0.76,60,broken clouds
2025-02-27 15:50:25,0.76,60,broken clouds
2025-02-27 15:58:21,0.76,60,broken clouds
2025-02-27 16:45:21,-0.24,69,broken clouds
2025-02-27 16:53:49,-0.24,69,broken clouds
2025-02-27 17:31:50,0.76,75,broken clouds
2025-02-27 17:41:40,0.76,75,broken clouds
2025-02-27 17:49:35,0.76,75,broken clouds
2025-02-27 17:57:29,0.76,75,broken clouds
2025-02-27 18:44:31,0.76,64,broken clouds
2025-02-27 18:52:36,0.76,64,broken clouds
2025-02-27 19:21:14,-0.24,64,scattered clouds
2025-02-27 19:29:00,-0.24,64,scattered clouds
2025-02-27 19:39:16,-0.24,64,scattered clouds
2025-02-27 19:47:35,-0.24,64,scattered clouds
2025-02-27 19:55:27,-0.24,64,scattered clouds
2025-02-27 20:31:55,-0.24,69,broken clouds
2025-02-27 20:42:56,-0.24,69,broken clouds
2025-02-27 20:51:07,-0.24,69,broken clouds
2025-02-27 20:58:58,-0.24,69,broken clouds
2025-02-27 21:28:17,-0.24,80,broken clouds
2025-02-27 21:39:26,-0.24,80,broken clouds
2025-02-27 21:47:45,-0.24,80,broken clouds
2025-02-27 21:55:39,-0.24,80,broken clouds
2025-02-27 22:36:23,1.76,64,broken clouds
2025-02-27 22:44:33,1.76,64,broken clouds
2025-02-27 22:52:25,1.76,64,broken clouds
2025-02-27 23:00:15,1.76,64,broken clouds
2025-02-27 23:28:55,1.76,75,broken clouds
2025-02-27 23:39:31,1.76,75,broken clouds
2025-02-27 23:47:26,1.76,75,broken clouds
2025-02-27 23:55:25,1.76,75,broken clouds
2025-02-28 02:58:31,9.76,40,broken clouds
2025-02-28 03:42:33,10.76,58,broken clouds
2025-02-28 03:51:03,10.76,58,broken clouds
2025-02-28 03:59:17,10.76,58,broken clouds
2025-02-28 04:39:13,10.76,62,broken clouds
2025-02-28 04:48:23,10.76,62,broken clouds
2025-02-28 04:56:09,10.76,62,broken clouds
2025-02-28 05:36:02,10.76,62,broken clouds
2025-02-28 05:44:28,10.76,62,broken clouds
2025-02-28 05:52:31,10.76,62,broken clouds
2025-02-28 06:42:09,11.76,58,broken clouds
2025-02-28 06:51:26,11.76,58,broken clouds
2025-02-28 06:59:10,11.76,58,broken clouds
2025-02-28 07:27:45,11.76,58,broken clouds
2025-02-28 07:37:45,11.76,58,broken clouds
2025-02-28 07:45:50,11.76,58,broken clouds
2025-02-28 07:53:41,11.76,58,broken clouds
2025-02-28 08:38:23,10.76,66,scattered clouds
2025-02-28 08:50:17,10.76,66,scattered clouds
2025-02-28 08:58:35,10.76,66,scattered clouds
2025-02-28 09:31:38,9.76,71,clear sky
2025-02-28 09:41:27,9.76,71,clear sky
2025-02-28 09:49:29,9.76,71,clear sky
2025-02-28 09:57:15,9.76,71,clear sky
2025-02-28 10:38:22,4.76,87,clear sky
2025-02-28 10:46:35,4.76,87,clear sky
2025-02-28 10:54:39,4.76,87,clear sky
2025-02-28 11:23:11,4.76,100,clear sky
2025-02-28 11:36:29,4.76,100,clear sky
2025-02-28 11:44:33,4.76,100,clear sky
2025-02-28 11:52:38,4.76,100,clear sky
2025-02-28 13:03:20,3.76,100,clear sky
2025-02-28 13:36:45,3.76,100,mist
2025-02-28 13:44:42,3.76,100,mist
2025-02-28 13:52:41,3.76,100,mist
2025-02-28 14:34:13,0.76,100,mist
2025-02-28 14:44:16,0.76,100,mist
2025-02-28 14:52:06,0.76,100,mist
2025-02-28 15:00:07,0.76,100,mist
2025-02-28 15:33:05,0.76,100,fog
2025-02-28 15:43:07,0.76,100,fog
2025-02-28 15:50:54,0.76,100,fog
2025-02-28 15:58:47,0.76,100,fog
2025-02-28 16:42:57,-1.24,100,fog
2025-02-28 16:50:44,-0.24,93,fog
2025-02-28 16:58:48,-0.24,93,fog
2025-02-28 17:30:58,-0.24,100,fog
2025-02-28 17:40:40,-0.24,100,fog
2025-02-28 17:48:56,-0.24,100,fog
2025-02-28 17:56:53,-0.24,100,fog
2025-02-28 18:43:31,-1.24,100,fog
2025-02-28 18:51:27,-1.24,100,fog
2025-02-28 18:59:14,-1.24,100,fog
2025-02-28 19:25:06,-0.24,100,fog
2025-02-28 19:36:42,-0.24,100,fog
2025-02-28 19:44:30,-0.24,100,fog
2025-02-28 19:52:37,-0.24,100,fog
2025-02-28 20:31:06,-0.24,100,fog
2025-02-28 20:43:28,-0.24,100,fog
2025-02-28 20:51:39,-0.24,100,fog
2025-02-28 20:59:18,-0.24,100,fog
2025-02-28 21:27:41,-1.24,100,fog
2025-02-28 21:38:20,-1.24,100,fog
2025-02-28 21:46:22,-1.24,100,fog
2025-02-28 21:54:29,-1.24,100,fog
2025-02-28 22:33:27,-1.24,100,fog
2025-02-28 22:42:45,-1.24,100,fog
2025-02-28 22:50:32,-0.24,100,fog
2025-02-28 22:58:21,-0.24,93,fog
2025-02-28 23:27:21,-0.24,100,fog
2025-02-28 23:38:12,-0.24,100,fog
2025-02-28 23:46:33,-0.24,100,fog
2025-02-28 23:54:41,-0.24,100,fog
2025-03-01 03:04:19,8.76,71,mist
2025-03-01 03:47:42,13.76,44,haze
2025-03-01 03:55:54,13.76,44,haze
2025-03-01 04:35:46,12.76,47,haze
2025-03-01 04:45:00,12.76,47,haze
2025-03-01 04:53:24,12.76,47,haze
2025-03-01 05:31:06,11.76,54,moderate rain
2025-03-01 05:41:11,11.76,54,light rain
2025-03-01 05:49:15,11.76,54,moderate rain
2025-03-01 05:57:16,11.76,54,moderate rain
2025-03-01 06:42:01,10.76,82,moderate rain
2025-03-01 06:50:14,10.76,82,moderate rain
2025-03-01 06:58:21,10.76,82,broken clouds
2025-03-01 07:25:56,8.86,49,overcast clouds
2025-03-01 07:36:15,11.76,66,haze
2025-03-01 07:44:13,11.76,66,haze
2025-03-01 07:52:15,11.76,66,haze
2025-03-01 08:00:04,11.76,66,haze
2025-03-01 08:37:37,11.76,62,haze
2025-03-01 08:47:41,11.76,62,haze
2025-03-01 08:55:54,11.76,62,haze
2025-03-01 09:28:13,10.76,71,overcast clouds
2025-03-01 09:39:17,10.76,71,haze
2025-03-01 09:47:33,10.76,71,haze
2025-03-01 09:55:41,10.76,71,haze
2025-03-01 10:33:42,9.76,76,broken clouds
2025-03-01 10:42:08,9.76,76,broken clouds
2025-03-01 10:50:07,9.76,76,broken clouds
2025-03-01 10:57:53,9.76,76,broken clouds
2025-03-01 11:21:33,7.58,65,overcast clouds
2025-03-01 11:29:37,7.76,81,overcast clouds
2025-03-01 11:40:03,7.76,81,broken clouds
2025-03-01 11:48:02,7.76,81,broken clouds
2025-03-01 11:55:49,7.76,81,broken clouds
2025-03-01 12:59:19,5.76,100,mist
2025-03-01 13:30:37,6.76,93,mist
2025-03-01 13:39:00,6.76,93,mist
2025-03-01 13:47:04,6.76,93,mist
2025-03-01 13:55:03,6.76,93,mist
2025-03-01 14:31:20,6.76,87,mist
2025-03-01 14:40:42,6.76,87,mist
2025-03-01 14:48:33,6.76,87,mist
2025-03-01 14:56:27,6.76,87,mist
2025-03-01 15:30:31,3.76,100,mist
2025-03-01 15:40:48,3.76,100,mist
2025-03-01 15:48:51,3.76,100,mist
2025-03-01 15:56:49,3.76,100,mist
2025-03-01 16:37:24,3.76,100,mist
2025-03-01 16:45:18,3.76,100,mist
2025-03-01 16:53:31,3.76,100,mist
2025-03-01 17:27:09,6.77,56,broken clouds
2025-03-01 17:36:22,3.76,100,mist
2025-03-01 17:44:16,3.76,100,mist
2025-03-01 17:52:11,3.76,100,mist
2025-03-01 18:00:15,3.76,100,mist
2025-03-01 18:38:53,3.76,100,mist
2025-03-01 18:47:01,3.76,100,mist
2025-03-01 18:55:17,3.76,100,mist
2025-03-01 19:19:13,4.76,100,mist
2025-03-01 19:27:27,4.76,100,mist
2025-03-01 19:37:02,4.76,100,mist
2025-03-01 19:45:00,4.76,100,mist
2025-03-01 19:52:51,4.76,100,mist
2025-03-01 20:27:59,7.26,53,overcast clouds
2025-03-01 20:40:22,5.76,93,mist
2025-03-01 20:48:46,5.76,93,mist
2025-03-01 20:56:41,5.76,93,mist
2025-03-01 21:27:56,4.76,100,mist
2025-03-01 21:36:30,4.76,100,mist
2025-03-01 21:44:15,4.76,100,mist
2025-03-01 21:52:12,4.76,100,mist
2025-03-01 22:00:10,4.76,100,mist
2025-03-01 22:32:20,4.76,100,mist
2025-03-01 22:41:26,4.76,100,mist
2025-03-01 22:49:33,4.76,100,mist
2025-03-01 22:57:32,4.76,100,mist
2025-03-01 23:27:41,5.76,87,mist
2025-03-01 23:38:23,5.76,87,mist
2025-03-01 23:46:22,5.76,87,mist
2025-03-01 23:54:28,5.76,87,mist
2025-03-02 03:01:13,10.76,62,broken clouds
2025-03-02 03:43:27,12.76,54,broken clouds
2025-03-02 03:51:32,12.76,54,broken clouds
2025-03-02 03:59:18,12.76,54,broken clouds
2025-03-02 04:36:00,14.76,41,clear sky
2025-03-02 04:44:59,14.76,41,clear sky
2025-03-02 04:53:13,14.76,41,clear sky
2025-03-02 05:32:41,8.99,45,overcast clouds
2025-03-02 05:41:57,8.99,45,overcast clouds
2025-03-02 05:50:07,13.76,41,clear sky
2025-03-02 05:58:12,13.76,41,clear sky
2025-03-02 06:40:57,13.76,35,light rain
2025-03-02 06:49:25,13.76,35,moderate rain
2025-03-02 06:57:21,13.76,35,moderate rain
2025-03-02 07:24:37,8.09,64,heavy intensity rain
2025-03-02 07:36:19,10.76,62,moderate rain
2025-03-02 07:44:27,10.76,62,moderate rain
2025-03-02 07:52:12,10.76,62,moderate rain
2025-03-02 08:00:00,10.76,62,moderate rain
2025-03-02 08:35:41,7.76,93,moderate rain
2025-03-02 08:45:14,7.76,93,moderate rain
2025-03-02 08:53:19,7.76,93,moderate rain
2025-03-02 09:29:00,6.76,100,heavy intensity rain
2025-03-02 09:41:10,6.76,100,moderate rain
2025-03-02 09:49:27,6.76,100,moderate rain
2025-03-02 09:57:09,6.76,100,moderate rain
2025-03-02 10:34:41,5.76,93,moderate rain
2025-03-02 10:42:35,5.76,93,moderate rain
2025-03-02 10:50:26,5.76,93,moderate rain
2025-03-02 10:58:13,5.76,93,moderate rain
2025-03-02 11:21:58,4.76,93,light rain
2025-03-02 11:29:55,4.76,93,moderate rain
2025-03-02 11:38:49,4.76,93,light rain
2025-03-02 11:46:31,4.76,93,light rain
2025-03-02 11:54:34,4.76,93,moderate rain
2025-03-02 12:58:07,4.76,87,moderate rain
2025-03-02 13:30:11,2.88,80,moderate rain
2025-03-02 13:38:13,3.76,93,moderate rain
2025-03-02 13:46:12,3.76,93,light rain
2025-03-02 13:54:10,3.76,93,light rain
2025-03-02 14:30:31,2.76,93,moderate rain
2025-03-02 14:40:54,2.76,93,moderate rain
2025-03-02 14:49:06,2.76,93,moderate rain
2025-03-02 14:57:12,2.76,93,moderate rain
2025-03-02 15:28:39,2.76,93,moderate rain
2025-03-02 15:40:06,2.76,93,heavy intensity rain
2025-03-02 15:47:56,2.76,93,heavy intensity rain
2025-03-02 15:55:49,2.76,93,moderate rain
2025-03-02 16:37:29,2.76,93,moderate rain
2025-03-02 16:45:46,2.76,93,moderate rain
2025-03-02 16:53:49,2.76,93,moderate rain
2025-03-02 17:26:38,2.76,93,moderate rain
2025-03-02 17:37:24,2.76,93,moderate rain
2025-03-02 17:45:24,2.76,93,moderate rain
2025-03-02 17:53:40,2.76,93,moderate rain
2025-03-02 18:40:37,1.76,100,light rain
2025-03-02 18:49:40,1.76,100,light rain
2025-03-02 18:57:28,1.76,100,light rain
2025-03-02 19:19:45,0.25,98,snow
2025-03-02 19:27:27,0.25,98,snow
2025-03-02 19:37:13,1.76,100,moderate rain
2025-03-02 19:45:09,1.76,100,moderate rain
2025-03-02 19:53:16,1.76,100,light rain
2025-03-02 20:27:48,0.76,100,moderate rain
2025-03-02 20:41:19,0.76,100,light rain
2025-03-02 20:49:03,0.76,100,moderate rain
2025-03-02 20:57:04,0.76,100,light rain
2025-03-02 21:25:49,0.1,95,snow
2025-03-02 21:35:34,0.76,100,snow
2025-03-02 21:43:53,0.76,100,snow
2025-03-02 21:52:05,0.76,100,snow
2025-03-02 21:59:48,0.76,100,snow
2025-03-02 22:32:47,0.76,100,light snow
2025-03-02 22:41:22,0.76,100,overcast clouds
2025-03-02 22:49:00,0.76,100,overcast clouds
2025-03-02 22:57:12,0.76,100,overcast clouds
2025-03-02 23:26:18,1.76,93,broken clouds
2025-03-02 23:37:17,1.76,93,mist
2025-03-02 23:45:14,1.76,93,mist
2025-03-02 23:53:26,1.76,93,broken clouds
2025-03-03 03:00:39,4.76,65,clear sky
2025-03-03 03:45:52,5.76,56,clear sky
2025-03-03 03:54:30,5.76,56,clear sky
2025-03-03 04:39:14,6.76,57,clear sky
2025-03-03 04:49:57,6.76,57,clear sky
2025-03-03 04:57:38,6.76,57,clear sky
2025-03-03 05:36:03,6.76,57,clear sky
2025-03-03 05:44:02,6.76,57,clear sky
2025-03-03 05:51:45,6.76,57,clear sky
2025-03-03 05:59:40,6.76,57,clear sky
2025-03-03 06:47:30,5.76,52,clear sky
2025-03-03 06:55:28,5.76,52,clear sky
2025-03-03 07:28:17,4.76,52,clear sky
2025-03-03 07:39:15,4.76,52,clear sky
2025-03-03 07:47:09,4.76,52,clear sky
2025-03-03 07:55:07,4.76,52,clear sky
2025-03-03 08:39:25,4.76,52,clear sky
2025-03-03 08:51:16,4.76,52,clear sky
2025-03-03 08:59:14,4.76,52,clear sky
2025-03-03 09:36:04,3.76,52,clear sky
2025-03-03 09:44:16,3.76,52,clear sky
2025-03-03 09:52:32,3.76,52,clear sky
2025-03-03 10:39:38,2.76,56,clear sky
2025-03-03 10:49:12,2.76,56,clear sky
2025-03-03 10:57:18,2.76,56,clear sky
2025-03-03 11:25:51,1.76,55,clear sky
2025-03-03 11:37:37,1.76,55,clear sky
2025-03-03 11:45:39,1.76,55,clear sky
2025-03-03 11:53:39,1.76,55,clear sky
2025-03-03 13:05:11,1.76,51,clear sky
2025-03-03 13:40:24,1.76,51,clear sky
2025-03-03 13:48:26,1.76,51,clear sky
2025-03-03 13:56:25,1.76,51,clear sky
2025-03-03 14:37:46,1.76,48,clear sky
2025-03-03 14:46:57,1.76,48,clear sky
2025-03-03 14:54:39,1.76,48,clear sky
2025-03-03 15:32:55,1.76,51,clear sky
2025-03-03 15:44:51,1.76,51,clear sky
2025-03-03 15:52:59,1.76,51,clear sky
2025-03-03 16:42:29,1.76,55,clear sky
2025-03-03 16:55:18,1.76,55,clear sky
2025-03-03 17:32:00,1.76,51,clear sky
2025-03-03 17:41:48,1.76,51,clear sky
2025-03-03 17:49:52,1.76,51,clear sky
2025-03-03 17:57:36,1.76,51,light snow
2025-03-03 18:41:47,1.76,51,clear sky
2025-03-03 18:52:15,1.76,51,clear sky
2025-03-03 19:00:02,1.76,51,clear sky
2025-03-03 19:23:26,1.76,55,clear sky
2025-03-03 19:36:09,1.76,55,clear sky
2025-03-03 19:44:01,1.76,55,clear sky
2025-03-03 19:52:05,1.76,55,clear sky
2025-03-03 20:00:04,1.76,55,clear sky
2025-03-03 20:34:16,1.76,55,clear sky
2025-03-03 20:45:31,1.76,55,clear sky
2025-03-03 20:53:26,1.76,55,snow
2025-03-03 21:28:45,1.76,55,clear sky
2025-03-03 21:42:55,1.76,55,clear sky
2025-03-03 21:50:41,1.76,55,clear sky
2025-03-03 21:58:34,1.76,55,clear sky
2025-03-03 22:35:53,2.76,52,moderate rain
2025-03-03 22:43:57,2.76,52,light rain
2025-03-03 22:51:57,2.76,52,clear sky
2025-03-03 22:59:55,2.76,52,clear sky
2025-03-03 23:28:29,2.76,56,clear sky
2025-03-03 23:40:19,2.76,56,light rain
2025-03-03 23:48:38,2.76,56,snow
2025-03-03 23:56:24,2.76,56,snow
2025-03-04 03:01:10,0.76,100,snow
2025-03-04 03:46:16,0.76,100,snow
2025-03-04 03:54:04,0.76,100,snow
2025-03-04 04:39:00,1.76,100,snow
2025-03-04 04:49:08,1.76,100,snow
2025-03-04 04:57:15,1.76,100,snow
2025-03-04 05:33:52,1.76,100,light rain
2025-03-04 05:42:46,1.76,100,light rain
2025-03-04 05:50:40,1.76,100,light rain
2025-03-04 05:58:38,1.76,100,light rain
2025-03-04 06:45:49,2.76,87,light rain
2025-03-04 06:53:49,2.76,87,light rain
2025-03-04 07:27:45,2.76,93,light rain
2025-03-04 07:40:33,2.76,93,broken clouds
2025-03-04 07:48:39,2.76,93,broken clouds
2025-03-04 07:56:47,2.76,93,broken clouds
2025-03-04 08:40:51,3.76,81,broken clouds
2025-03-04 08:52:40,3.76,81,broken clouds
2025-03-04 09:31:39,3.76,70,broken clouds
2025-03-04 09:43:02,3.76,70,broken clouds
2025-03-04 09:51:09,3.76,70,broken clouds
2025-03-04 09:59:09,3.76,70,broken clouds
2025-03-04 10:41:05,2.76,81,broken clouds
2025-03-04 10:49:31,2.76,81,broken clouds
2025-03-04 10:57:22,2.76,81,broken clouds
2025-03-04 11:24:49,1.76,87,broken clouds
2025-03-04 11:37:43,1.76,87,broken clouds
2025-03-04 11:45:35,1.76,87,broken clouds
2025-03-04 11:53:30,1.76,87,broken clouds
2025-03-04 13:05:04,1.76,87,clear sky
2025-03-04 13:40:20,1.76,80,clear sky
2025-03-04 13:48:17,1.76,80,clear sky
2025-03-04 13:56:19,1.76,80,clear sky
2025-03-04 14:37:40,1.76,75,clear sky
2025-03-04 14:46:16,1.76,75,clear sky
2025-03-04 14:54:13,1.76,75,snow
2025-03-04 15:34:21,1.76,75,clear sky
2025-03-04 15:45:44,1.76,75,clear sky
2025-03-04 15:54:10,1.76,75,clear sky
2025-03-04 16:44:10,1.76,75,clear sky
2025-03-04 16:54:56,1.76,75,clear sky
2025-03-04 17:31:33,1.01,72,overcast clouds
2025-03-04 17:41:45,1.76,75,clear sky
2025-03-04 17:49:52,1.76,75,clear sky
2025-03-04 17:57:52,1.76,75,clear sky
2025-03-04 18:46:46,1.76,75,clear sky
2025-03-04 18:54:54,1.76,75,clear sky
2025-03-04 19:21:49,1.76,75,clear sky
2025-03-04 19:29:42,1.76,75,clear sky
2025-03-04 19:39:33,1.76,75,clear sky
2025-03-04 19:47:51,1.76,75,clear sky
2025-03-04 19:56:03,1.76,75,clear sky
2025-03-04 20:31:37,1.76,75,clear sky
2025-03-04 20:42:49,1.76,75,clear sky
2025-03-04 20:50:36,1.76,75,light snow
2025-03-04 20:58:34,1.76,75,clear sky
2025-03-04 21:28:54,1.76,75,clear sky
2025-03-04 21:39:48,1.76,75,clear sky
2025-03-04 21:47:47,1.76,75,clear sky
2025-03-04 21:56:00,1.76,75,clear sky
2025-03-04 22:32:13,1.76,75,snow
2025-03-04 22:42:24,1.76,75,snow
2025-03-04 22:50:40,1.76,75,clear sky
2025-03-04 22:58:41,1.76,75,light snow
2025-03-04 23:28:17,1.76,75,clear sky
2025-03-04 23:39:35,1.76,75,clear sky
2025-03-04 23:47:41,1.76,75,clear sky
2025-03-04 23:55:30,1.76,75,clear sky
2025-03-05 02:59:28,4.76,65,clear sky
2025-03-05 03:43:38,4.76,65,clear sky
2025-03-05 03:52:54,4.76,65,clear sky
2025-03-05 04:37:55,5.76,65,clear sky
2025-03-05 04:49:19,5.76,65,clear sky
2025-03-05 04:57:27,5.76,65,clear sky
2025-03-05 05:36:35,6.76,61,clear sky
2025-03-05 05:44:23,6.76,61,clear sky
2025-03-05 05:52:29,6.76,61,clear sky
2025-03-05 06:43:41,7.76,57,broken clouds
2025-03-05 06:52:27,7.76,57,broken clouds
2025-03-05 07:00:32,7.76,57,broken clouds
2025-03-05 07:30:32,7.76,57,broken clouds
2025-03-05 07:42:16,7.76,57,broken clouds
2025-03-05 07:50:28,7.76,57,broken clouds
2025-03-05 07:58:16,7.76,57,broken clouds
2025-03-05 08:42:37,7.76,57,clear sky
2025-03-05 08:53:13,7.76,57,clear sky
2025-03-05 09:31:54,6.76,61,clear sky
2025-03-05 09:43:03,6.76,61,clear sky
2025-03-05 09:51:16,6.76,61,clear sky
2025-03-05 09:59:03,6.76,61,clear sky
2025-03-05 10:40:11,4.76,65,few clouds
2025-03-05 10:48:49,4.76,65,few clouds
2025-03-05 10:57:08,4.76,65,few clouds
2025-03-05 11:25:05,3.76,75,few clouds
2025-03-05 11:37:41,3.76,75,few clouds
2025-03-05 11:45:36,3.76,75,few clouds
2025-03-05 11:53:33,3.76,75,few clouds
2025-03-05 13:05:44,3.76,81,clear sky
2025-03-05 13:39:53,1.76,93,clear sky
2025-03-05 13:48:03,1.76,93,clear sky
2025-03-05 13:56:02,1.76,93,clear sky
2025-03-05 14:37:36,1.76,87,clear sky
2025-03-05 14:46:07,1.76,87,clear sky
2025-03-05 14:54:24,1.76,87,clear sky
2025-03-05 15:32:05,0.76,80,clear sky
2025-03-05 15:44:32,0.76,80,clear sky
2025-03-05 15:52:45,0.76,80,clear sky
2025-03-05 16:52:06,-0.24,80,clear sky
2025-03-05 17:00:02,-0.24,80,clear sky
2025-03-05 17:33:55,-1.24,93,clear sky
2025-03-05 17:41:46,-1.24,93,clear sky
2025-03-05 17:49:28,-1.24,93,clear sky
2025-03-05 17:57:25,-1.24,93,clear sky
2025-03-05 18:46:50,-2.24,93,clear sky
2025-03-05 18:54:47,-2.24,93,clear sky
2025-03-05 19:22:53,1.97,53,clear sky
2025-03-05 19:30:55,1.97,53,clear sky
2025-03-05 19:40:05,-2.24,86,clear sky
2025-03-05 19:48:16,-2.24,86,clear sky
2025-03-05 19:56:12,-2.24,86,clear sky
2025-03-05 20:32:34,-1.24,80,clear sky
2025-03-05 20:44:39,-1.24,80,clear sky
2025-03-05 20:52:51,-1.24,80,clear sky
2025-03-05 21:27:32,-3.24,86,clear sky
2025-03-05 21:39:53,-3.24,86,clear sky
2025-03-05 21:48:03,-3.24,86,clear sky
2025-03-05 21:55:58,-3.24,86,clear sky
2025-03-05 22:35:14,-1.24,86,clear sky
2025-03-05 22:44:02,-1.24,86,clear sky
2025-03-05 22:51:58,-1.24,86,clear sky
2025-03-05 22:59:44,-1.24,86,clear sky
2025-03-05 23:30:12,-0.24,80,clear sky
2025-03-05 23:41:16,-0.24,80,clear sky
2025-03-05 23:49:15,-0.24,80,clear sky
2025-03-05 23:57:00,-0.24,80,clear sky
2025-03-06 03:00:33,5.76,56,clear sky
2025-03-06 03:44:59,6.76,53,clear sky
2025-03-06 03:53:06,6.76,53,clear sky
2025-03-06 04:39:22,7.76,46,clear sky
2025-03-06 04:51:11,7.76,46,clear sky
2025-03-06 04:59:06,7.76,46,clear sky
2025-03-06 05:36:22,8.76,40,clear sky
2025-03-06 05:45:40,8.76,40,clear sky
2025-03-06 05:53:38,8.76,40,clear sky
2025-03-06 06:44:13,8.76,40,clear sky
2025-03-06 06:52:56,8.76,40,clear sky
2025-03-06 07:29:49,9.76,37,clear sky
2025-03-06 07:42:50,9.76,37,clear sky
2025-03-06 07:50:49,9.76,37,clear sky
2025-03-06 07:58:36,9.76,37,clear sky
2025-03-06 08:41:25,8.76,40,clear sky
2025-03-06 08:53:31,8.76,40,clear sky
2025-03-06 09:31:52,6.76,53,clear sky
2025-03-06 09:43:21,6.76,53,clear sky
2025-03-06 09:51:09,6.76,53,clear sky
2025-03-06 09:59:08,6.76,53,clear sky
2025-03-06 10:41:19,5.76,45,clear sky
2025-03-06 10:49:29,5.76,45,clear sky
2025-03-06 10:57:34,5.76,45,clear sky
2025-03-06 11:24:45,4.76,45,clear sky
2025-03-06 11:37:42,4.76,45,clear sky
2025-03-06 11:45:41,4.76,45,clear sky
2025-03-06 11:53:39,4.76,45,clear sky
2025-03-06 13:05:13,2.76,52,clear sky
2025-03-06 13:39:55,2.76,52,clear sky
2025-03-06 13:47:40,2.76,52,clear sky
2025-03-06 13:55:37,2.76,52,clear sky
2025-03-06 14:38:04,-0.24,64,clear sky
2025-03-06 14:46:19,-0.24,64,clear sky
2025-03-06 14:54:17,-0.24,64,clear sky
2025-03-06 15:33:19,0.76,60,clear sky
2025-03-06 15:46:11,0.76,60,clear sky
2025-03-06 15:54:46,0.76,60,clear sky
2025-03-06 16:43:28,-1.24,74,clear sky
2025-03-06 16:55:28,-1.24,74,clear sky
2025-03-06 17:31:52,-2.24,86,clear sky
2025-03-06 17:41:59,-2.24,86,clear sky
2025-03-06 17:49:59,-2.24,86,clear sky
2025-03-06 17:57:58,-2.24,86,clear sky
2025-03-06 18:44:47,-2.24,86,clear sky
2025-03-06 18:52:56,-2.24,86,clear sky
2025-03-06 19:21:23,-3.24,86,clear sky
2025-03-06 19:29:16,-3.24,86,clear sky
2025-03-06 19:39:24,-3.24,86,mist
2025-03-06 19:47:26,-3.24,86,mist
2025-03-06 19:55:38,-3.24,86,mist
2025-03-06 20:32:03,2.43,40,clear sky
2025-03-06 20:43:11,-2.24,86,mist
2025-03-06 20:51:16,-2.24,86,mist
2025-03-06 20:59:06,-2.24,86,mist
2025-03-06 21:28:58,-3.24,93,clear sky
2025-03-06 21:39:55,-3.24,93,mist
2025-03-06 21:47:48,-3.24,93,mist
2025-03-06 21:56:00,-3.24,93,mist
2025-03-06 22:34:41,-2.24,93,clear sky
2025-03-06 22:43:22,-2.24,93,mist
2025-03-06 22:51:29,-2.24,93,mist
2025-03-06 22:59:18,-2.24,93,mist
2025-03-06 23:29:06,-1.24,86,clear sky
2025-03-06 23:40:16,-1.24,86,mist
2025-03-06 23:48:13,-1.24,86,mist
2025-03-06 23:56:28,-1.24,86,mist
2025-03-07 03:01:22,7.76,39,haze
2025-03-07 03:46:28,8.76,37,haze
2025-03-07 03:54:25,8.76,37,haze
2025-03-07 04:38:18,9.76,34,clear sky
2025-03-07 04:49:36,9.76,34,clear sky
2025-03-07 04:57:51,9.76,34,clear sky
2025-03-07 05:34:00,9.76,32,clear sky
2025-03-07 05:43:53,9.76,32,clear sky
2025-03-07 05:51:57,9.76,32,clear sky
2025-03-07 05:59:44,9.76,32,clear sky
2025-03-07 06:46:15,9.76,34,clear sky
2025-03-07 06:54:11,9.76,34,clear sky
2025-03-07 07:26:35,9.76,32,clear sky
2025-03-07 07:37:38,9.76,32,clear sky
2025-03-07 07:45:29,9.76,32,clear sky
2025-03-07 07:53:20,9.76,32,clear sky
2025-03-07 08:39:32,7.76,42,clear sky
2025-03-07 08:51:20,7.76,42,clear sky
2025-03-07 08:59:12,7.15,28,overcast clouds
2025-03-07 09:32:06,5.76,52,clear sky
2025-03-07 09:42:28,5.76,52,clear sky
2025-03-07 09:50:35,5.76,52,clear sky
2025-03-07 09:58:30,5.76,52,clear sky
2025-03-07 10:39:36,3.76,65,clear sky
2025-03-07 10:47:25,3.76,65,clear sky
2025-03-07 10:55:31,3.76,65,clear sky
2025-03-07 11:24:27,3.76,65,clear sky
2025-03-07 11:37:50,3.76,65,clear sky
2025-03-07 11:45:46,3.76,65,clear sky
2025-03-07 11:53:32,3.76,65,clear sky
2025-03-07 13:04:25,2.76,60,clear sky
2025-03-07 13:37:42,2.76,70,clear sky
2025-03-07 13:45:41,2.76,70,clear sky
2025-03-07 13:53:43,2.76,70,clear sky
2025-03-07 14:34:27,2.76,70,clear sky
2025-03-07 14:44:40,2.76,70,clear sky
2025-03-07 14:52:41,2.76,70,clear sky
2025-03-07 15:31:19,5.31,36,overcast clouds
2025-03-07 15:42:31,2.76,70,broken clouds
2025-03-07 15:50:19,2.76,70,broken clouds
2025-03-07 15:58:17,2.76,70,broken clouds
2025-03-07 16:42:45,0.76,86,broken clouds
2025-03-07 16:52:45,0.76,86,broken clouds
2025-03-07 17:30:01,1.76,75,broken clouds
2025-03-07 17:40:52,1.76,75,broken clouds
2025-03-07 17:48:52,1.76,75,broken clouds
2025-03-07 17:56:39,1.76,75,broken clouds
2025-03-07 18:42:58,2.76,70,broken clouds
2025-03-07 18:51:39,2.76,70,broken clouds
2025-03-07 18:59:26,2.76,70,broken clouds
2025-03-07 19:22:54,1.76,87,overcast clouds
2025-03-07 19:30:36,1.76,87,overcast clouds
